ReferredProfile,SuggestedProfile,Status
https://www.instagram.com/austin_siadak,https://www.instagram.com/kitdski,New Lead
https://www.instagram.com/austin_siadak,https://www.instagram.com/senderfilms,New Lead
https://www.instagram.com/austin_siadak,https://www.instagram.com/jimwmorrison,New Lead
https://www.instagram.com/austin_siadak,https://www.instagram.com/babsizangerl,New Lead
https://www.instagram.com/austin_siadak,https://www.instagram.com/alpineinstitute,New Lead
https://www.instagram.com/austin_siadak,https://www.instagram.com/bedrockfilmworks,New Lead
https://www.instagram.com/austin_siadak,https://www.instagram.com/b_radfoundation,New Lead
https://www.instagram.com/austin_siadak,https://www.instagram.com/brettlowell,New Lead
https://www.instagram.com/austin_siadak,https://www.instagram.com/reelrock_anz,New Lead
https://www.instagram.com/austin_siadak,https://www.instagram.com/bronwynhodgins,New Lead
https://www.instagram.com/austin_siadak,https://www.instagram.com/ducttapethenbeer,New Lead
https://www.instagram.com/austin_siadak,https://www.instagram.com/mountainfootwearproject,New Lead
https://www.instagram.com/austin_siadak,https://www.instagram.com/ericbissell,New Lead
https://www.instagram.com/austin_siadak,https://www.instagram.com/kjorgeson,New Lead
https://www.instagram.com/austin_siadak,https://www.instagram.com/pablo_durana,New Lead
https://www.instagram.com/austin_siadak,https://www.instagram.com/titus_strength_training,New Lead
https://www.instagram.com/austin_siadak,https://www.instagram.com/faymanners,New Lead
https://www.instagram.com/austin_siadak,https://www.instagram.com/jasonbhouston,New Lead
https://www.instagram.com/austin_siadak,https://www.instagram.com/leavenworthclimbingrangers,New Lead
https://www.instagram.com/austin_siadak,https://www.instagram.com/amga1979,New Lead
https://www.instagram.com/austin_siadak,https://www.instagram.com/asherperlman,New Lead
https://www.instagram.com/austin_siadak,https://www.instagram.com/oceangoingmonkey,New Lead
https://www.instagram.com/austin_siadak,https://www.instagram.com/zoologyrick,New Lead
https://www.instagram.com/austin_siadak,https://www.instagram.com/climbinggold,New Lead
https://www.instagram.com/austin_siadak,https://www.instagram.com/jackson_marvell,New Lead
https://www.instagram.com/austin_siadak,https://www.instagram.com/irving_matthew,New Lead
https://www.instagram.com/austin_siadak,https://www.instagram.com/chantel.astorga,New Lead
https://www.instagram.com/austin_siadak,https://www.instagram.com/bearcam,New Lead
https://www.instagram.com/austin_siadak,https://www.instagram.com/alldayeddie,New Lead
https://www.instagram.com/austin_siadak,https://www.instagram.com/jonathansiegrist,New Lead
https://www.instagram.com/austin_siadak,https://www.instagram.com/jon_cardwell,New Lead
https://www.instagram.com/rerunart,https://www.instagram.com/artbycshl1,New Lead